USE BD_PEDIDO
GO


INSERT INTO [dbo].[tb_categoria] (idcategoria, nombrecategoria, descripcion) VALUES
(1, 'Bebidas', 'Gaseosas, café, té, cervezas y maltas'),
(2, 'Condimentos', 'Salsas dulces y picantes, delicias, comida para untar y aderezos'),
(3, 'Repostería', 'Postres, dulces y pan dulce'),
(4, 'Lácteos', 'Quesos'),
(5, 'Granos/Cereales', 'Pan, galletas, pasta y cereales'),
(6, 'Carnes', 'Carnes preparadas'),
(7, 'Frutas/Verduras', 'Frutas secas y queso de soja'),
(8, 'Pescado/Marisco', 'Pescados, mariscos y algas');
GO
SELECT * FROM [dbo].[tb_categoria]
GO

INSERT INTO tb_cliente(IdCliente, Nombre_empresa, NombreContacto, CargoContacto, Direccion, Ciudad, Region, CodPostal, Pais, Telefono, Fax)
VALUES
(1, 'Alfreds Futterkiste', 'Maria Anders', 'Representante de ventas', 'Obere Str. 57', 'Berlín', NULL, '12209', 'Alemania', '030-0074321', '030-0076545'),
(2, 'Ana Trujillo Emparedados y helados', 'Ana Trujillo', 'Propietario', 'Avda. de la Constitución 2222', 'México D.F.', NULL, '05021', 'México', '(5) 555-4729', '(5) 555-3745'),
(3, 'Antonio Moreno Taquería', 'Antonio Moreno', 'Propietario', 'Mataderos  2312', 'México D.F.', NULL, '05023', 'México', '(5) 555-3932', NULL),
(4, 'Around the Horn', 'Thomas Hardy', 'Representante de ventas', '120 Hanover Sq.', 'Londres', NULL, 'WA1 1DP', 'Reino Unido', '(71) 555-7788', '(71) 555-6750'),
(5, 'Berglunds snabbköp', 'Christina Berglund', 'Administrador de pedidos', 'Berguvsvägen 8', 'Luleå', NULL, 'S-958 22', 'Suecia', '0921-12 34 65', '0921-12 34 67'),
(6, 'Blauer See Delikatessen', 'Hanna Moos', 'Representante de ventas', 'Forsterstr. 57', 'Mannheim', NULL, '68306', 'Alemania', '0621-08460', '0621-08924'),
(7, 'Blondel père et fils', 'Frédérique Citeaux', 'Gerente de marketing', '24, place Kléber', 'Estrasburgo', NULL, '67000', 'Francia', '88.60.15.31', '88.60.15.32'),
(8, 'Bólido Comidas preparadas', 'Martín Sommer', 'Propietario', 'C/ Araquil, 67', 'Madrid', NULL, '28023', 'España', '(91) 555 22 82', '(91) 555 91 99'),
(9, 'Bon app', 'Laurence Lebihan', 'Propietario', '12, rue des Bouchers', 'Marsella', NULL, '13008', 'Francia', '91.24.45.40', '91.24.45.41'),
(10, 'Bottom-Dollar Markets', 'Elizabeth Lincoln', 'Gerente de contabilidad', '23 Tsawassen Blvd.', 'Tsawassen', 'BC', 'T2F 8M4', 'Canadá', '(604) 555-4729', '(604) 555-3745'),
(11, 'B''s Beverages', 'Victoria Ashworth', 'Representante de ventas', 'Fauntleroy Circus', 'Londres', NULL, 'EC2 5NT', 'Reino Unido', '(71) 555-1212', NULL),
(12, 'Cactus Comidas para llevar', 'Patricio Simpson', 'Agente de ventas', 'Cerrito 333', 'Buenos Aires', NULL, '1010', 'Argentina', '(1) 135-5555', '(1) 135-4892'),
(13, 'Centro comercial Moctezuma', 'Francisco Chang', 'Gerente de marketing', 'Sierras de Granada 9993', 'México D.F.', NULL, '05022', 'México', '(5) 555-3392', '(5) 555-7293'),
(14, 'Chop-suey Chinese', 'Yang Wang', 'Propietario', 'Hauptstr. 29', 'Berna', NULL, '3012', 'Suiza', '0452-076545', NULL),
(15, 'Comércio Mineiro', 'Pedro Afonso', 'Asistente de ventas', 'Av. dos Lusíadas, 23', 'São Paulo', 'SP', '05432-043', 'Brasil', '(11) 555-7647', NULL),
(16, 'Consolidated Holdings', 'Elizabeth Brown', 'Representante de ventas', 'Berkeley Gardens12 Brewery', 'Londres', NULL, 'WX1 6LT', 'Reino Unido', '(71) 555-2282', '(71) 555-9199'),
(17, 'Drachenblut Delikatessen', 'Sven Ottlieb', 'Administrador de pedidos', 'Walserweg 21', 'Aachen', NULL, '52066', 'Alemania', '0241-039123', '0241-059428'),
(18, 'Du monde entier', 'Janine Labrune', 'Propietario', '67, rue des Cinquante Otages', 'Nantes', NULL, '44000', 'Francia', '40.67.88.88', '40.67.89.89'),
(19, 'Eastern Connection', 'Ann Devon', 'Agente de ventas', '35 King George', 'Londres', NULL, 'WX3 6FW', 'Reino Unido', '(71) 555-0297', '(71) 555-3373'),
(20, 'Ernst Handel', 'Roland Mendel', 'Gerente de ventas', 'Kirchgasse 6', 'Graz', NULL, '8010', 'Austria', '7675-3425', '7675-3426'),
(21, 'Familia Arquibaldo', 'Aria Cruz', 'Asistente de marketing', 'Rua Orós, 92', 'Sao Paulo', 'SP', '05442-030', 'Brasil', '(11) 555-9857', NULL),
(22, 'FISSA Fabrica Inter. Salchichas S.A.', 'Diego Roel', 'Gerente de contabilidad', 'C/ Moralzarzal, 86', 'Madrid', NULL, '28034', 'España', '(91) 555 94 44', '(91) 555 55 93'),
(23, 'Folies gourmandes', 'Martine Rancé', 'Asistente de agente de ventas', '184, chaussée de Tournai', 'Lille', NULL, '59000', 'Francia', '20.16.10.16', '20.16.10.17'),
(24, 'Folk och fä HB', 'Maria Larsson', 'Propietario', 'Åkergatan 24', 'Bräcke', NULL, 'S-844 67', 'Suecia', '0695-34 67 21', NULL),
(25, 'Frankenversand', 'Peter Franken', 'Gerente de marketing', 'Berliner Platz 43', 'München', NULL, '80805', 'Alemania', '089-0877310', '089-0877451'),
(26, 'France restauration', 'Carine Schmitt', 'Gerente de marketing', '54, rue Royale', 'Nantes', NULL, '44000', 'Francia', '40.32.21.21', '40.32.21.20'),
(27, 'Franchi S.p.A.', 'Paolo Accorti', 'Representante de ventas', 'Via Monte Bianco 34', 'Torino', NULL, '10100', 'Italia', '011-4988260', '011-4988261'),
(28, 'Furia Bacalhau e Frutos do Mar', 'Lino Rodriguez ', 'Gerente de ventas', 'Jardim das rosas n. 32', 'Lisboa', NULL, '1675', 'Portugal', '(1) 354-2534', '(1) 354-2535'),
(29, 'Galería del gastrónomo', 'Eduardo Saavedra', 'Gerente de marketing', 'Rambla de Cataluña, 23', 'Barcelona', NULL, '08022', 'España', '(93) 203 4560', '(93) 203 4561'),
(30, 'Godos Cocina Típica', 'José Pedro Freyre', 'Gerente de ventas', 'C/ Romero, 33', 'Sevilla', NULL, '41101', 'España', '(95) 555 82 82', NULL),
(31, 'Gourmet Lanchonetes', 'André Fonseca', 'Asistente de ventas', 'Av. Brasil, 442', 'Campinas', 'SP', '04876-786', 'Brasil', '(11) 555-9482', NULL),
(32, 'Great Lakes Food Market', 'Howard Snyder', 'Gerente de marketing', '2732 Baker Blvd.', 'Eugenia', 'OR', '97403', 'Estados Unidos', '(503) 555-7555', NULL),
(33, 'GROSELLA-Restaurante', 'Manuel Pereira', 'Propietario', '5ª Ave. Los Palos Grandes', 'Caracas', 'DF', '1081', 'Venezuela', '(2) 283-2951', '(2) 283-3397'),
(34, 'Hanari Carnes', 'Mario Pontes', 'Gerente de contabilidad', 'Rua do Paço, 67', 'Rio de Janeiro', 'RJ', '05454-876', 'Brasil', '(21) 555-0091', '(21) 555-8765'),
(35, 'HILARIÓN-Abastos', 'Carlos Hernández', 'Representante de ventas', 'Carrera 22 con Ave. Carlos Soublette #8-35', 'San Cristóbal', 'Táchira', '5022', 'Venezuela', '(5) 555-1340', '(5) 555-1948'),
(36, 'Hungry Coyote Import Store', 'Yoshi Latimer', 'Representante de ventas', 'City Center Plaza516 Main St.', 'Elgin', 'OR', '97827', 'Estados Unidos', '(503) 555-6874', '(503) 555-2376'),
(37, 'Hungry Owl All-Night Grocers', 'Patricia McKenna', 'Asistente de ventas', '8 Johnstown Road', 'Cork', 'Co. Cork', NULL, 'Irlanda', '2967 542', '2967 3333'),
(38, 'Island Trading', 'Helen Bennett', 'Gerente de marketing', 'Garden HouseCrowther Way', 'Cowes', 'Isla de Wight', 'PO31 7PJ', 'Reino Unido', '(198) 555-8888', NULL),
(39, 'Königlich Essen', 'Philip Cramer', 'Asistente de ventas', 'Maubelstr. 90', 'Brandenburgo', NULL, '14776', 'Alemania', '0555-09876', NULL),
(40, 'La corne d''abondance', 'Daniel Tonini', 'Representante de ventas', '67, avenue de l''Europe', 'Versalles', NULL, '78000', 'Francia', '30.59.84.10', '30.59.85.11'),
(41, 'La maison d''Asie', 'Annette Roulet', 'Gerente de ventas', '1 rue Alsace-Lorraine', 'Toulouse', NULL, '31000', 'Francia', '61.77.61.10', '61.77.61.11'),
(42, 'Laughing Bacchus Wine Cellars', 'Yoshi Tannamuri', 'Asistente de marketing', '1900 Oak St.', 'Vancouver', 'BC', 'V3F 2K1', 'Canadá', '(604) 555-3392', '(604) 555-7293'),
(43, 'Lazy K Kountry Store', 'John Steel', 'Gerente de marketing', '12 Orchestra Terrace', 'Walla Walla', 'WA', '99362', 'Estados Unidos', '(509) 555-7969', '(509) 555-6221'),
(44, 'Lehmanns Marktstand', 'Renate Messner', 'Representante de ventas', 'Magazinweg 7', 'Francfurt', NULL, '60528', 'Alemania', '069-0245984', '069-0245874'),
(45, 'Let''s Stop N Shop', 'Jaime Yorres', 'Propietario', '87 Polk St.Suite 5', 'San Francisco', 'CA', '94117', 'Estados Unidos', '(415) 555-5938', NULL),
(46, 'LILA-Supermercado', 'Carlos González', 'Gerente de contabilidad', 'Carrera 52 con Ave. Bolívar #65-98 Llano Largo', 'Barquisimeto', 'Lara', '3508', 'Venezuela', '(9) 331-6954', '(9) 331-7256'),
(47, 'LINO-Delicateses', 'Felipe Izquierdo', 'Propietario', 'Ave. 5 de Mayo Porlamar', 'I. de Margarita', 'Nueva Esparta', '4980', 'Venezuela', '(8) 34-56-12', '(8) 34-93-93'),
(48, 'Lonesome Pine Restaurant', 'Fran Wilson', 'Gerente de ventas', '89 Chiaroscuro Rd.', 'Portland', 'OR', '97219', 'Estados Unidos', '(503) 555-9573', '(503) 555-9646'),
(49, 'Magazzini Alimentari Riuniti', 'Giovanni Rovelli', 'Asistente de ventas', 'Via Ludovico il Moro 22', 'Bérgamo', NULL, '24100', 'Italia', '035-640230', '035-640231'),
(50, 'Maison Dewey', 'Catherine Dewey', 'Asistente de ventas', 'Rue Joseph-Bens 532', 'Bruselas', NULL, 'B-1180', 'Bélgica', '(02) 201 24 67', '(02) 201 24 68'),
(51, 'Mère Paillarde', 'Jean Fresnière', 'Asistente de marketing', '43 rue St. Laurent', 'Montreal', 'Québec', 'H1J 1C3', 'Canadá', '(514) 555-8054', '(514) 555-8055'),
(52, 'Morgenstern Gesundkost', 'Alexander Feuer', 'Gerente de ventas', 'Heerstr. 22', 'Leipzig', NULL, '04179', 'Alemania', '0342-023176', '0342-023177'),
(53, 'North/South', 'Simon Crowther', 'Asistente de ventas', 'South House300 Queensbridge', 'London', NULL, 'SW7 1RZ', 'Reino Unido', '(171) 555-7733', '(171) 555-2530'),
(54, 'Océano Atlántico Ltda.', 'Yvonne Moncada', 'Asistente de ventas', 'Ing. Gustavo Moncada 8585Piso 20-A', 'Buenos Aires', NULL, '1010', 'Argentina', '(1) 135-5333', '(1) 135-5535'),
(55, 'Old World Delicatessen', 'Rene Phillips', 'Asistente de ventas', '2743 Bering St.', 'Anchorage', 'AK', '99508', 'Estados Unidos', '(907) 555-7584', '(907) 555-2880'),
(56, 'Ottilies Käseladen', 'Henriette Pfalzheim', 'Asistente de marketing', 'Mehrheimerstr. 369', 'Köln', NULL, '50739', 'Alemania', '0221-0644327', '0221-0765721'),
(57, 'Paris spécialités', 'Marie Bertrand', 'Asistente de ventas', '265, boulevard Charonne', 'París', NULL, '75012', 'Francia', '(1) 42.34.22.66', '(1) 42.34.22.77'),
(58, 'Pericles Comidas clásicas', 'Guillermo Fernández', 'Gerente de ventas', 'Calle Dr. Jorge Cash 321', 'México D.F.', NULL, '05033', 'México', '(5) 552-3745', '(5) 545-3745'),
(59, 'Piccolo und mehr', 'Georg Pipps', 'Asistente de ventas', 'Geislweg 14', 'Salzburgo', NULL, '5020', 'Austria', '6562-9722', '6562-9723'),
(60, 'Princesa Isabel Vinhoss', 'Isabel de Castro', 'Gerente de ventas', 'Estrada da saúde n. 58', 'Lisboa', NULL, '1756', 'Portugal', '(1) 356-5634', NULL),
(61, 'Que Delícia', 'Bernardo Batista', 'Asistente de ventas', 'Rua da Panificadora, 12', 'Rio de Janeiro', 'RJ', '02389-673', 'Brasil', '(21) 555-4252', '(21) 555-4545'),
(62, 'Queen Cozinha', 'Lúcia Carvalho', 'Asistente de marketing', 'Alameda dos Canàrios, 891', 'Sao Paulo', 'SP', '05487-020', 'Brasil', '(11) 555-1189', NULL),
(63, 'QUICK-Stop', 'Horst Kloss', 'Gerente de ventas', 'Taucherstraße 10', 'Cunewalde', NULL, '01307', 'Alemania', '0372-035188', NULL),
(64, 'Rancho grande', 'Sergio Gutiérrez', 'Asistente de ventas', 'Av. del Libertador 900', 'Buenos Aires', NULL, '1010', 'Argentina', '(1) 123-5555', '(1) 123-5556'),
(65, 'Rattlesnake Canyon Grocery', 'Paula Wilson', 'Gerente de ventas', '2817 Milton Dr.', 'Albuquerque', 'NM', '87110', 'Estados Unidos', '(505) 555-5939', '(505) 555-3620'),
(66, 'Reggiani Caseifici', 'Maurizio Moroni', 'Asistente de ventas', 'Strada Provinciale 124', 'Reggio Emilia', NULL, '42100', 'Italia', '0522-556721', '0522-556722'),
(67, 'Ricardo Adocicados', 'Janete Limeira', 'Asistente de ventas', 'Av. Copacabana, 267', 'Rio de Janeiro', 'RJ', '02389-890', 'Brasil', '(21) 555-3412', NULL),
(68, 'Richter Supermarkt', 'Michael Holz', 'Gerente de ventas', 'Grenzacherweg 237', 'Genève', NULL, '1203', 'Suiza', '0897-034214', NULL),
(69, 'Romero y tomillo', 'Alejandra Camino', 'Asistente de ventas', 'Gran Vía, 1', 'Madrid', NULL, '28001', 'España', '(91) 745 6200', '(91) 745 6210'),
(70, 'Santé Gourmet', 'Jonas Bergulfsen', 'Asistente de ventas', 'Erling Skakkes gate 78', 'Stavern', NULL, '4110', 'Noruega', '07-98 92 35', '07-98 92 47'),
(71, 'Save-a-lot Markets', 'Jose Pavarotti', 'Gerente de ventas', '187 Suffolk Ln.', 'Boise', 'ID', '83720', 'Estados Unidos', '(208) 555-8097', NULL),
(72, 'Seven Seas Imports', 'Hari Kumar', 'Gerente de ventas', '90 Wadhurst Rd.', 'Londres', NULL, 'OX15 4NB', 'Reino Unido', '(171) 555-1717', '(171) 555-5646'),
(73, 'Simons bistro', 'Jytte Petersen', 'Propietario', 'Vinbæltet 34', 'København', NULL, '1734', 'Dinamarca', '31 12 34 56', '31 13 35 57'),
(74, 'Spécialités du monde', 'Dominique Perrier', 'Gerente de ventas', '25, rue Lauriston', 'París', NULL, '75016', 'Francia', '(1) 47.55.60.10', '(1) 47.55.60.20'),
(75, 'Split Rail Beer & Ale', 'Art Braunschweiger', 'Gerente de ventas', 'P.O. Box 555', 'Lander', 'WY', '82520', 'Estados Unidos', '(307) 555-4680', '(307) 555-6525'),
(76, 'Suprêmes délices', 'Pascale Cartrain', 'Asistente de ventas', 'Boulevard Tirou, 255', 'Charleroi', NULL, 'B-6000', 'Bélgica', '(071) 23 67 22 20', '(071) 23 67 22 21'),
(77, 'The Big Cheese', 'Liz Nixon', 'Gerente de ventas', '89 Jefferson WaySuite 2', 'Portland', 'OR', '97201', 'Estados Unidos', '(503) 555-3612', NULL),
(78, 'The Cracker Box', 'Liu Wong', 'Gerente de ventas', '55 Grizzly Peak Rd.', 'Butte', 'MT', '59801', 'Estados Unidos', '(406) 555-5834', '(406) 555-8083'),
(79, 'Toms Spezialitäten', 'Karin Josephs', 'Asistente de ventas', 'Luisenstr. 48', 'Münster', NULL, '44087', 'Alemania', '0251-031259', '0251-035695'),
(80, 'Tortuga Restaurante', 'Miguel Angel Paolino', 'Gerente de ventas', 'Avda. Azteca 123', 'México D.F.', NULL, '05033', 'México', '(5) 555-2933', NULL),
(81, 'Tradição Hipermercados', 'Anabela Domingues', 'Representante de ventas', 'Av. Inês de Castro, 414', 'Sao Paulo', 'SP', '05634-030', 'Brasil', '(11) 555-2167', '(11) 555-2168'),
(82, 'Trail''s Head Gourmet Provisioners', 'Helvetius Nagy', 'Asistente de ventas', '722 DaVinci Blvd.', 'Kirkland', 'WA', '98034', 'Estados Unidos', '(206) 555-8257', '(206) 555-2174'),
(83, 'Vaffeljernet', 'Palle Ibsen', 'Gerente de ventas', 'Smagsløget 45', 'Århus', NULL, '8200', 'Dinamarca', '86 21 32 43', '86 22 33 44'),
(84, 'Victuailles en stock', 'Mary Saveley', 'Agente de ventas', '2, rue du Commerce', 'Lion', NULL, '69004', 'Francia', '78.32.54.86', '78.32.54.87'),
(85, 'Vins et alcools Chevalier', 'Paul Henriot', 'Gerente de contabilidad', '59 rue de l''Abbaye', 'Reims', NULL, '51100', 'Francia', '26.47.15.10', '26.47.15.11'),
(86, 'Die Wandernde Kuh', 'Rita Müller', 'Representante de ventas', 'Adenauerallee 900', 'Stuttgart', NULL, '70563', 'Alemania', '0711-020361', '0711-035428'),
(87, 'Wartian Herkku', 'Pirkko Koskitalo', 'Gerente de contabilidad', 'Torikatu 38', 'Oulu', NULL, '90110', 'Finlandia', '981-443655', '981-443655'),
(88, 'Wellington Importadora', 'Paula Parente', 'Gerente de ventas', 'Rua do Mercado, 12', 'Resende', 'SP', '08737-363', 'Brasil', '(14) 555-8122', NULL),
(89, 'White Clover Markets', 'Karl Jablonski', 'Propietario', '305 - 14th Ave. S.Suite 3B', 'Seattle', 'WA', '98128', 'Estados Unidos', '(206) 555-4112', '(206) 555-4115'),
(90, 'Wilman Kala', 'Matti Karttunen', 'Prop./Asistente marketing', 'Keskuskatu 45', 'Helsinki', NULL, '21240', 'Finlandia', '90-224 8858', '90-224 8858'),
(91, 'Wolski  Zajazd', 'Zbyszek Piestrzeniewicz', 'Propietario', 'ul. Filtrowa 68', 'Warszawa', NULL, '01-012', 'Polonia', '(26) 642-7012', '(26) 642-7012');
GO
SELECT * FROM tb_cliente
GO

INSERT INTO tb_empleado (IdEmpleado, Apellidos, Nombre, Cargo, Tratamiento, FechaNacimiento, FechaContratacion, Direccion, Ciudad, Region, CodPostal, Pais, TelDomicilio, Extension, Notas, Jefe, SueldoBasico)
VALUES
(1, 'Davolio', 'Nancy', 'Representante de ventas', 'Srta.', '1948-12-08', '1992-05-01', '507 - 20th Ave. E. Apt. 2A', 'Seattle', 'WA', '98122', 'EE.UU.', '(206) 555-9857', '5467', 'Su formación incluye una licenciatura en Psicología por la Universidad del Estado de Colorado. en 1970. También completó "El arte de la llamada fría". Nancy es miembro de Toastmasters Internacional.', 2, 100000.00),
(2, 'Fuller', 'Andrew', 'Vicepresidente comercial', 'Dr.', '1952-02-19', '1992-08-14', '908 W. Capital Way', 'Tacoma', 'WA', '98401', 'EE.UU.', '(206) 555-9482', '3457', 'Andrew completó su licenciatura en Comercio en 1974 y un doctorado en Marketing Internacional de la Universidad de Dallas en 1981. Habla con fluidez en francés e italiano y lee el alemán. Ingresó en la empresa como representante de ventas. fue ascendido en Enero de 1992 y a vicepresidente comercial en Marzo de 1993.Andrew es miembro de la Mesa redonda de administración de Ventas. la Cámara de comercio de Seattle y de la Asociación de importadores Rim del Pacífico.', 0, 0.00),
(3, 'Leverling', 'Janet', 'Representante de ventas', 'Srta.', '1963-08-30', '1992-04-01', '722 Moss Bay Blvd.', 'Kirkland', 'WA', '98033', 'EE.UU.', '(206) 555-3412', '3355', 'Janet es licenciada en Química por la Universidad de Boston (1984). También ha completado un programa de formación en Gestión de minoristas de alimentación. Janet fue contratada como vendedora asociada en 1991 y fue ascendida a representante de ventas en Febrero de 1992', 2, 100000.00),
(4, 'Peacock', 'Margaret', 'Representante de ventas', 'Sra.', '1937-09-19', '1993-05-03', '4110 Old Redmond Rd.', 'Redmond', 'WA', '98052', 'EE.UU.', '(206) 555-8122', '5176', 'Margaret es licenciada en Literatura inglesa por el Colegio Universitario Concordia (1958). y tiene un master del Instituto Americano de Artes Culinarias (1966). Estuvo asignada temporalmente a la oficina de Londres desde julio hasta Noviembre de 1992.', 2, 100000.00),
(5, 'Buchanan', 'Steven', 'Gerente de ventas', 'Sr.', '1955-03-04', '1993-10-17', '14 Garrett Hill', 'Londres', NULL, 'SW1 8JR', 'Reino Unido', '(71) 555-4848', '3453', 'Steven Buchanan se graduó en la Universidad de St. Andrews. Escocia. en 1976. Tras su ingreso en la empresa. en 1992. dedicó 6 meses a un programa de orientación en la oficina de Seattle y luego volvió a su puesto permanente en Londres.Fue ascendido a gestor de ventas en Marzo de 1993. Ha completado con éxito los cursos de Telemarketing y Gestión de ventas internacional. Habla francés.', 2, 100000.00),
(6, 'Suyama', 'Michael', 'Representante de ventas', 'Sr.', '1963-07-02', '1993-10-17', 'Coventry HouseMiner Rd.', 'Londres', NULL, 'EC2 7JR', 'Reino Unido', '(71) 555-7773', '428', 'Michael se graduó en la Universidad de Sussex (MA. economía. 1983) y la Universidad de California en Los Angeles (MBA. marketing. 1986). También ha asistido a cursos de Ventas multiculturales y Administración del tiempo para profesionales de ventas. Hablajaponés y lee y escribe en francés, portugués y español.', 5, 0.00),
(7, 'King', 'Robert', 'Representante de ventas', 'Sr.', '1960-05-29', '1994-01-02', 'Edgeham HollowWinchester Way', 'Londres', NULL, 'RG1 9SP', 'Reino Unido', '(71) 555-5598', '465', 'Robert King sirvió en la organización Peace Corps y viajó mucho. antes de completar su licenciatura en inglés en la Universidad de Michigan en 1992. el año en que ingresó en la empresa. Después de completar un curso denominado "Ventas en Europa". fuetransferido a la oficina de Londres en Marzo de 1993.', 5, 0.00),
(8, 'Callahan', 'Laura', 'Coordinador ventas interno', 'Srta.', '1958-01-09', '1994-03-05', '4726 - 11th Ave. N.E.', 'Seattle', 'WA', '98105', 'EE.UU.', '(206) 555-1189', '2344', 'Laura se graduó en Psicología por la Universidad de Washington. También completó un curso de francés de negocios. Lee y escribe en francés.', 2, 100000.00),
(9, 'Dodsworth', 'Anne', 'Representante de ventas', 'Srta.', '1966-01-27', '1994-11-15', '7 Houndstooth Rd.', 'Londres', NULL, 'WG2 7LT', 'Reino Unido', '(71) 555-4444', '452', 'Anne tiene una licenciatura en inglés por el St. Lawrence College. Habla con fluidez el francés y el alemán.', 5, 0.00);
GO
SELECT * FROM tb_empleado
GO 

INSERT INTO [dbo].[tb_empresa_envio]
([idEmpresaEnvio],[nombre_empresa],[telefono])
VALUES 
(1,'Speedy Express','(503) 555-9831'),
(2,'United Package','(503) 555-3199'),
(3,'Federal Shipping','(503) 555-9931')
GO
SELECT * FROM tb_empresa_envio
GO

INSERT INTO tb_proveedor (idProveedor, nombre_empresa, nombrecontacto, cargocontacto, direccion, ciudad, region, codPostal, pais, telefono, fax, paginaprincipal)
VALUES
(1, 'Exotic Liquids', 'Charlotte Cooper', 'Gerente de compras', '49 Gilbert St.', 'Londres', NULL, 'EC1 4SD', 'Reino Unido', '(171) 555-2222', NULL, NULL),
(2, 'New Orleans Cajun Delights', 'Shelley Burke', 'Administrador de pedidos', 'P.O. Box 78934', 'New Orleans', 'LA', '70117', 'Estados Unidos', '(100) 555-4822', NULL, 'CAJUN.HTM#CAJUN.HTM#'),
(3, 'Grandma Kellys Homestead', 'Regina Murphy', 'Representante de ventas', '707 Oxford Rd.', 'Ann Arbor', 'MI', '48104', 'Estados Unidos', '(313) 555-5735', '(313) 555-3349', NULL),
(4, 'Tokyo Traders', 'Yoshi Nagase', 'Gerente de marketing', '9-8 SekimaiMusashino-shi', 'Tokyo', NULL, '100', 'Japón', '(03) 3555-5011', NULL, NULL),
(5, 'Cooperativa de Quesos Las Cabras', 'Antonio del Valle Saavedra ', 'Administrador de exportaciones', 'Calle del Rosal 4', 'Oviedo', 'Asturias', '33007', 'España', '(98) 598 76 54', NULL, NULL),
(6, 'Mayumis', 'Mayumi Ohno', 'Representante de marketing', '92 SetsukoChuo-ku', 'Osaka', NULL, '545', 'Japón', '(06) 431-7877', NULL, 'Mayumis (en el World Wide Web)#http://www.microsoft.com/accessdev/sampleapps/mayumi.htm#'),
(7, 'Pavlova, Ltd.', 'Ian Devling', 'Gerente de marketing', '74 Rose St.Moonie Ponds', 'Melbourne', 'Victoria', '3058', 'Australia', '(03) 444-2343', '(03) 444-6588', NULL),
(8, 'Specialty Biscuits, Ltd.', 'Peter Wilson', 'Representante de ventas', '29 Kings Way', 'Manchester', NULL, 'M14 GSD', 'Reino Unido', '(161) 555-4448', NULL, NULL),
(9, 'PB Knäckebröd AB', 'Lars Peterson', 'Agente de ventas', 'Kaloadagatan 13', 'Göteborg', NULL, 'S-345 67', 'Suecia', '031-987 65 43', '031-987 65 91', NULL),
(10, 'Refrescos Americanas LTDA', 'Carlos Diaz', 'Gerente de marketing', 'Av. das Americanas 12.890', 'São Paulo', NULL, '5442', 'Brasil', '(11) 555 4640', NULL, NULL),
(11, 'Heli Süßwaren GmbH & Co. KG', 'Petra Winkler', 'Gerente de ventas', 'Tiergartenstraße 5', 'Berlín', NULL, '10785', 'Alemania', '(010) 9984510', NULL, NULL),
(12, 'Plutzer Lebensmittelgroßmärkte AG', 'Martin Bein', 'Ger. marketing internacional', 'Bogenallee 51', 'Frankfurt', NULL, '60439', 'Alemania', '(069) 992755', NULL, 'Plutzer (en el World Wide Web)#http://www.microsoft.com/accessdev/sampleapps/plutzer.htm#'),
(13, 'Nord-Ost-Fisch Handelsgesellschaft mbH', 'Sven Petersen', 'Coordinador de mercados', 'Frahmredder 112a', 'Cuxhaven', NULL, '27478', 'Alemania', '(04721) 8713', '(04721) 8714', NULL),
(14, 'Formaggi Fortini s.r.l.', 'Elio Rossi', 'Representante de ventas', 'Viale Dante, 75', 'Ravenna', NULL, '48100', 'Italia', '(0544) 60323', '(0544) 60603', 'FORMAGGI.HTM#FORMAGGI.HTM#'),
(15, 'Norske Meierier', 'Beate Vileid', 'Gerente de marketing', 'Hatlevegen 5', 'Sandvika', NULL, '1320', 'Noruega', '(0)2-953010', NULL, NULL),
(16, 'Bigfoot Breweries', 'Cheryl Saylor', 'Repr. de cuentas regional', '3400 - 8th AvenueSuite 210', 'Bend', 'OR', '97101', 'Estados Unidos', '(503) 555-9931', NULL, NULL),
(17, 'Svensk Sjöföda AB', 'Michael Björn', 'Representante de ventas', 'Brovallavägen 231', 'Stockholm', NULL, 'S-123 45', 'Suecia', '08-123 45 67', NULL, NULL),
(18, 'Aux joyeux ecclésiastiques', 'Guylène Nodier', 'Gerente de ventas', '203, Rue des Francs-Bourgeois', 'París', NULL, '75004', 'Francia', '(1) 03.83.00.68', '(1) 03.83.00.62', NULL),
(19, 'New England Seafood Cannery', 'Robb Merchant', 'Agente de cuentas al por mayor', 'Order Processing Dept.2100 Paul Revere Blvd.', 'Boston', 'MA', '02134', 'Estados Unidos', '(617) 555-3267', '(617) 555-3389', NULL),
(20, 'Leka Trading', 'Chandra Leka', 'Propietario', '471 Serangoon Loop, Suite #402', 'Singapore', NULL, '0512', 'Singapur', '555-8787', NULL, NULL),
(21, 'Lyngbysild', 'Niels Petersen', 'Gerente de ventas', 'LyngbysildFiskebakken 10', 'Lyngby', NULL, '2800', 'Dinamarca', '43844108', '43844115', NULL),
(22, 'Zaanse Snoepfabriek', 'Dirk Luchte', 'Gerente de contabilidad', 'VerkoopRijnweg 22', 'Zaandam', NULL, '9999 ZZ', 'Holanda', '(12345) 1212', '(12345) 1210', NULL),
(23, 'Karkki Oy', 'Anne Heikkonen', 'Gerente de producción', 'Valtakatu 12', 'Lappeenranta', NULL, '53120', 'Finlandia', '(953) 10956', NULL, NULL),
(24, 'Gday, Mate', 'Wendy Mackenzie', 'Representante de ventas', '170 Prince Edward ParadeHunters Hill', 'Sydney', 'NSW', '2042', 'Australia', '(02) 555-5914', '(02) 555-4873', 'Gday Mate (en el World Wide Web)#http://www.microsoft.com/accessdev/sampleapps/gdaymate.htm#'),
(25, 'Ma Maison', 'Jean-Guy Lauzon', 'Gerente de marketing', '2960 Rue St. Laurent', 'Montréal', 'Québec', 'H1J 1C3', 'Canadá', '(514) 555-9022', NULL, NULL),
(26, 'Pasta Buttini s.r.l.', 'Giovanni Giudici', 'Administrador de pedidos', 'Via dei Gelsomini, 153', 'Salerno', NULL, '84100', 'Italia', '(089) 6547665', '(089) 6547667', NULL),
(27, 'Escargots Nouveaux', 'Marie Delamare', 'Gerente de ventas', '22, rue H. Voiron', 'Montceau', NULL, '71300', 'Francia', '85.57.00.07', NULL, NULL),
(28, 'Gai pâturage', 'Eliane Noz', 'Representante de ventas', 'Bat. B3, rue des Alpes', 'Annecy', NULL, '74000', 'Francia', '38.76.98.06', '38.76.98.58', NULL),
(29, 'Forêtsérables', 'Chantal Goulet', 'Gerente de contabilidad', '148 rue Chasseur', 'Ste-Hyacinthe', 'Québec', 'J2S 7S8', 'Canadá', '(514) 555-2955', '(514) 555-2921', NULL);
GO
SELECT * FROM tb_proveedor
GO

INSERT INTO tb_producto (idproducto, nombreProducto, idProveedor, idCategoria, cantidadPorUnidad, precioUnidad, unidadesEnExistencia, unidadesEnPedido, nivelNuevoPedido, suspendido, categoriaProducto) 
VALUES 
(1, 'Té Dharamsala', 1, 1, '10 cajas x 20 bolsas', 18.00, 39, 0, 10, 0, 'Categoria D'),
(2, 'Cerveza tibetana Barley', 1, 1, '24 - bot. 12 l', 19.00, 17, 40, 25, 0, 'Categoria D'),
(3, 'Sirope de regaliz', 1, 2, '12 - bot. 550 ml', 10.00, 13, 70, 25, 0, 'Categoria D'),
(4, 'Especias Cajun del chef Anton', 2, 2, '48 - frascos 6 l', 22.00, 53, 0, 0, 0, 'Categoria D'),
(5, 'Mezcla Gumbo del chef Anton', 2, 2, '36 cajas', 21.00, 0, 0, 0, -1, 'Categoria D'),
(6, 'Mermelada de grosellas de la abuela', 3, 2, '12 - frascos 8 l', 25.00, 120, 0, 25, 0, 'Categoria D'),
(7, 'Peras secas orgánicas del tío Bob', 3, 7, '12 - paq. 1 kg', 30.00, 15, 0, 10, 0, 'Categoria D'),
(8, 'Salsa de arándanos Northwoods', 3, 2, '12 - frascos 12 l', 40.00, 6, 0, 0, 0, 'Categoria D'),
(9, 'Buey Mishi Kobe', 4, 6, '18 - paq. 500 g', 97.00, 29, 0, 0, -1, 'Categoria D'),
(10, 'Pez espada', 4, 8, '12 - frascos 200 ml', 31.00, 31, 0, 0, 0, 'Categoria D'),
(11, 'Queso Cabrales', 5, 4, 'paq. 1 kg', 21.00, 22, 30, 30, 0, 'Categoria D'),
(12, 'Queso Manchego La Pastora', 5, 4, '10 - paq. 500 g', 38.00, 86, 0, 0, 0, 'Categoria D'),
(13, 'Algas Konbu', 6, 8, 'caja 2 kg', 6.00, 24, 0, 5, 0, 'Categoria D'),
(14, 'Cuajada de judías', 6, 7, '40 - paq. 100 g', 23.00, 35, 0, 0, 0, 'Categoria D'),
(15, 'Salsa de soja baja en sodio', 6, 2, '24 - bot. 250 ml', 16.00, 39, 0, 5, 0, NULL),
(16, 'Postre de merengue Pavlova', 7, 3, '32 - cajas 500 g', 17.00, 29, 0, 10, 0, 'Categoria D'),
(17, 'Cordero Alice Springs', 7, 6, '20 - latas 1 kg', 39.00, 0, 0, 0, -1, 'Categoria D'),
(18, 'Langostinos tigre Carnarvon', 7, 8, 'paq. 16 kg', 63.00, 42, 0, 0, 0, 'Categoria D'),
(19, 'Pastas de té de chocolate', 8, 3, '10 cajas x 12 piezas', 9.00, 25, 0, 5, 0, 'Categoria D'),
(20, 'Mermelada de Sir Rodneys', 8, 3, '30 cajas regalo', 81.00, 40, 0, 0, 0, 'Categoria D'),
(21, 'Bollos de Sir Rodneys', 8, 3, '24 paq. x 4 piezas', 10.00, 3, 40, 5, 0, 'Categoria D'),
(22, 'Pan de centeno crujiente estilo Gustafs', 9, 5, '24 - paq. 500 g', 21.00, 104, 0, 25, 0, 'Categoria D'),
(23, 'Pan fino', 9, 5, '12 - paq. 250 g', 9.00, 61, 0, 25, 0, 'Categoria D'),
(24, 'Refresco Guaraná Fantástica', 10, 1, '12 - latas 355 ml', 5.00, 20, 0, 0, -1, 'Categoria D'),
(25, 'Crema de chocolate y nueces NuNuCa', 11, 3, '20 - vasos  450 g', 14.00, 76, 0, 30, 0, 'Categoria D'),
(26, 'Ositos de goma Gumbär', 11, 3, '100 - bolsas 250 g', 31.00, 15, 0, 0, 0, 'Categoria D'),
(27, 'Chocolate Schoggi', 11, 3, '100 - piezas 100 g', 44.00, 49, 0, 30, 0, 'Categoria D'),
(28, 'Col fermentada Rössle', 12, 7, '25 - latas 825 g', 46.00, 26, 0, 0, -1, 'Categoria D'),
(29, 'Salchicha Thüringer', 12, 6, '50 bolsas x 30 salch', 124.00, 0, 0, 0, -1, 'Categoria B'),
(30, 'Arenque blanco del noroeste', 13, 8, '10 - vasos 200 g', 26.00, 10, 0, 15, 0, 'Categoria D'),
(31, 'Queso gorgonzola Telino', 14, 4, '12 - paq. 100 g', 13.00, 0, 70, 20, 0, 'Categoria D'),
(32, 'Queso Mascarpone Fabioli', 14, 4, '24 - paq. 200 g', 32.00, 9, 40, 25, 0, 'Categoria D'),
(33, 'Queso de cabra', 15, 4, '500 g', 3.00, 112, 0, 20, 0, 'Categoria D'),
(34, 'Cerveza Sasquatch', 16, 1, '24 - bot. 12 l', 14.00, 111, 0, 15, 0, 'Categoria D'),
(35, 'Cerveza negra Steeleye', 16, 1, '24 - bot. 12 l', 18.00, 20, 0, 15, 0, 'Categoria D'),
(36, 'Escabeche de arenque', 17, 8, '24 - frascos 250 g', 19.00, 112, 0, 20, 0, 'Categoria D'),
(37, 'Salmón ahumado Gravad', 17, 8, '12 - paq. 500 g', 26.00, 11, 50, 25, 0, 'Categoria D'),
(38, 'Vino Côte de Blaye', 18, 1, '12 - bot. 75 cl', 264.00, 17, 0, 15, 0, 'Categoria A'),
(39, 'Licor verde Chartreuse', 18, 1, '750 cc por bot.', 18.00, 69, 0, 5, 0, 'Categoria D'),
(40, 'Carne de cangrejo de Boston', 19, 8, '24 - latas 4 l', 18.00, 123, 0, 30, 0, 'Categoria D'),
(41, 'Crema de almejas estilo Nueva Inglaterra', 19, 8, '12 - latas 12 l', 10.00, 85, 0, 10, 0, 'Categoria D'),
(42, 'Tallarines de Singapur', 20, 5, '32 - 1 kg paq.', 14.00, 26, 0, 0, -1, 'Categoria D'),
(43, 'Café de Malasia', 20, 1, '16 - latas 500 g', 46.00, 17, 10, 25, 0, 'Categoria D'),
(44, 'Azúcar negra Malacca', 20, 2, '20 - bolsas 2 kg', 19.00, 27, 0, 15, 0, 'Categoria D'),
(45, 'Arenque ahumado', 21, 8, 'paq. 1k', 10.00, 5, 70, 15, 0, 'Categoria D'),
(46, 'Arenque salado', 21, 8, '4 - vasos 450 g', 12.00, 95, 0, 0, 0, 'Categoria D'),
(47, 'Galletas Zaanse', 22, 3, '10 - cajas 4 l', 10.00, 36, 0, 0, 0, 'Categoria D'),
(48, 'Chocolate holandés', 22, 3, '10 paq.', 13.00, 15, 70, 25, 0, 'Categoria D'),
(49, 'Regaliz', 23, 3, '24 - paq. 50 g', 20.00, 10, 60, 15, 0, 'Categoria D'),
(50, 'Chocolate blanco', 23, 3, '12 - barras 100 g', 16.00, 65, 0, 30, 0, 'Categoria D'),
(51, 'Manzanas secas Manjimup', 24, 7, '50 - paq. 300 g', 53.00, 20, 0, 10, 0, 'Categoria C'),
(52, 'Cereales para Filo', 24, 5, '16 - cajas 2 kg', 7.00, 38, 0, 25, 0, 'Categoria D'),
(53, 'Empanada de carne', 24, 6, '48 porc.', 33.00, 0, 0, 0, -1, 'Categoria D'),
(54, 'Empanada de cerdo', 25, 6, '16 tartas', 7.00, 21, 0, 10, 0, 'Categoria D'),
(55, 'Paté chino', 25, 6, '24 cajas x 2 tartas', 24.00, 115, 0, 20, 0, 'Categoria D'),
(56, 'Gnocchi de la abuela Alicia', 26, 5, '24 - paq. 250 g', 38.00, 21, 10, 30, 0, 'Categoria D'),
(57, 'Raviolis Angelo', 26, 5, '24 - paq. 250 g', 20.00, 36, 0, 20, 0, 'Categoria D'),
(58, 'Caracoles de Borgoña', 27, 8, '24 porc.', 13.00, 62, 0, 20, 0, 'Categoria D'),
(59, 'Raclet de queso Courdavault', 28, 4, 'paq. 5 kg', 55.00, 79, 0, 0, 0, 'Categoria C'),
(60, 'Camembert Pierrot', 28, 4, '15 - paq. 300 g', 34.00, 19, 0, 0, 0, 'Categoria C'),
(61, 'Sirope de arce', 29, 2, '24 - bot. 500 ml', 29.00, 113, 0, 25, 0, 'Categoria D'),
(62, 'Tarta de azúcar', 29, 3, '48 tartas', 49.00, 17, 0, 0, 0, 'Categoria C'),
(63, 'Sandwich de vegetales', 7, 2, '15 - frascos 625 g', 44.00,24, 0, 5, 0, 'Categoria D'),
(64, 'Bollos de pan de Wimmer', 12, 5, '20 bolsas x 4 porc.', 33.00, 22, 80, 30, 0, 'Categoria D'),
(65, 'Salsa de pimiento picante de Luisiana', 2, 2, '32 - bot. 8 l', 21.00, 76, 0, 0, 0, 'Categoria D'),
(66, 'Especias picantes de Luisiana', 2, 2, '24 - frascos 8 l', 17.00, 4, 100, 20, 0, 'Categoria D'),
(67, 'Cerveza Laughing Lumberjack', 16, 1, '24 - bot. 12 l', 14.00, 52, 0, 10, 0, 'Categoria D'),
(68, 'Barras de pan de Escocia', 8, 3, '10 cajas x 8 porc.', 13.00, 6, 10, 15, 0, 'Categoria D'),
(69, 'Queso Gudbrandsdals', 15, 4, 'paq. 10 kg', 36.00, 26, 0, 15, 0, 'Categoria D'),
(70, 'Cerveza Outback', 7, 1, '24 - bot. 355 ml', 15.00, 15, 10, 30, 0, 'Categoria D'),
(71, 'Crema de queso Flétemys', 15, 4, '10 - paq. 500 g', 22.00, 26, 0, 0, 0, 'Categoria D'),
(72, 'Queso Mozzarella Giovanni', 14, 4, '24 - paq. 200 g', 35.00, 14, 0, 0, 0, 'Categoria D'),
(73, 'Caviar rojo', 17, 8, '24 - frascos150 g', 15.00, 101, 0, 5, 0, 'Categoria D'),
(74, 'Queso de soja Longlife', 4, 7, 'paq. 5 kg', 10.00, 4, 20, 5, 0, 'Categoria D'),
(75, 'Cerveza Klosterbier Rhönbräu', 12, 1, '24 - bot. 0,5 l', 8.00, 125, 0, 25, 0, 'Categoria D'),
(76, 'Licor Cloudberry', 23, 1, '500 ml', 18.00, 57, 0, 20, 0, 'Categoria D'),
(77, 'Salsa verde original Frankfurter', 12, 2, '12 cajas', 13.00, 32, 0, 15, 0, 'Categoria D');
GO
SELECT * FROM tb_producto
GO

